{"1": {"2": 0.58764815, "3": 0.38770643, "4": 0.31560177, "5": 0.28661126, "6": 0.5934481, "7": 0.12585382, "8": 0.41234085, "10": 0.060883194, "9": 0.5835238, "11": 0.51078004, "12": 0.06746661, "13": 0.16097689, "14": 0.5458134, "15": 0.45124763, "16": 0.29877037, "17": 0.1378778, "18": -0.07412772, "19": 0.3168469, "20": 0.086228736, "21": -0.010374344, "22": 0.45379546, "23": 0.27813253, "24": 0.28132042, "25": 0.36196136, "26": 0.121654354, "27": 0.36600143, "28": 0.35091722, "29": 0.24323474, "30": -0.048139486}, "2": {"1": 0.58764815, "3": 0.5678631, "4": 0.5018071, "5": 0.45946503, "6": 0.67668563, "7": 0.24392152, "8": 0.31593117, "10": 0.003546161, "9": 0.61333483, "11": 0.24443063, "12": 0.10159264, "13": 0.021619715, "14": 0.33596995, "15": 0.2983287, "16": 0.2277565, "17": 0.105771676, "18": -6.667815e-05, "19": 0.14366087, "20": 0.28285974, "21": -0.016764108, "22": 0.26229766, "23": 0.18367285, "24": 0.08925478, "25": 0.19684327, "26": 0.08992757, "27": 0.2613998, "28": 0.27357346, "29": 0.18545361, "30": 0.01831445}, "3": {"1": 0.38770643, "2": 0.5678631, "4": 0.5220153, "5": 0.2998423, "6": 0.43191308, "7": 0.26128834, "8": 0.4434968, "10": 0.18128762, "9": 0.35194612, "11": 0.07369586, "12": 0.014723773, "13": 0.049764212, "14": 0.07302836, "15": 0.14271769, "16": 0.10880961, "17": 0.11514116, "18": 0.076016106, "19": 0.15802702, "20": 0.3228075, "21": 0.020201162, "22": 0.25781107, "23": 0.11269111, "24": 0.124755196, "25": 0.1923842, "26": 0.021154234, "27": 0.21126394, "28": 0.12394384, "29": 0.12651603, "30": 0.115477815}, "4": {"1": 0.31560177, "2": 0.5018071, "3": 0.5220153, "5": 0.24229264, "6": 0.39882827, "7": 0.33160636, "8": 0.39621013, "10": 0.05093048, "9": 0.26486364, "11": 0.100364484, "12": 0.039505247, "13": 0.16138962, "14": 0.15038623, "15": 0.09911168, "16": 0.09659627, "17": 0.1306395, "18": 0.05906859, "19": 0.048552413, "20": 0.31361085, "21": 0.06698034, "22": 0.19622444, "23": 0.19921818, "24": 0.1242807, "25": 0.14085032, "26": 0.011896499, "27": 0.27983072, "28": 0.13162091, "29": 0.18633579, "30": 0.036709826}, "5": {"1": 0.28661126, "2": 0.45946503, "3": 0.2998423, "4": 0.24229264, "6": 0.36529726, "7": 0.20145449, "8": 0.14424221, "10": 0.058245275, "9": 0.26725495, "11": 0.14911817, "12": -0.023672082, "13": 0.07974968, "14": 0.09011617, "15": 0.12606126, "16": 0.002012544, "17": 0.13948427, "18": 0.16153544, "19": 0.27457738, "20": 0.36457554, "21": -0.05321407, "22": 0.33561713, "23": 0.32184535, "24": 0.2880904, "25": 0.18777642, "26": 0.006428778, "27": 0.09983005, "28": 0.06119919, "29": -0.06535137, "30": 0.046961192}, "6": {"1": 0.5934481, "2": 0.67668563, "3": 0.43191308, "4": 0.39882827, "5": 0.36529726, "7": 0.1569175, "8": 0.3632496, "10": 0.065011956, "9": 0.5912749, "11": 0.24193375, "12": 0.09600557, "13": 0.054553904, "14": 0.33562857, "15": 0.28101674, "16": 0.2187126, "17": 0.044925787, "18": 0.0034235285, "19": 0.09046355, "20": 0.13189963, "21": -0.00703202, "22": 0.24715362, "23": 0.30893734, "24": 0.1622721, "25": 0.37925878, "26": 0.08152223, "27": 0.29296947, "28": 0.2971085, "29": 0.25962356, "30": 0.021332623}, "7": {"1": 0.12585382, "2": 0.24392152, "3": 0.26128834, "4": 0.33160636, "5": 0.20145449, "6": 0.1569175, "8": 0.36356187, "10": 0.085371636, "9": 0.20402186, "11": 0.09165092, "12": -0.044622537, "13": -0.064110555, "14": 0.07543521, "15": 0.033807185, "16": 0.061191007, "17": 0.23618317, "18": -0.023244997, "19": 0.002085733, "20": 0.24827985, "21": 0.1676366, "22": 0.016441148, "23": 0.08840327, "24": 0.12019282, "25": 0.057357408, "26": -0.02546019, "27": 0.044710558, "28": 0.12017322, "29": 0.17933181, "30": 0.13176474}, "8": {"1": 0.41234085, "2": 0.31593117, "3": 0.4434968, "4": 0.39621013, "5": 0.14424221, "6": 0.3632496, "7": 0.36356187, "10": 0.40799138, "9": 0.34829774, "11": 0.38239348, "12": -0.045883052, "13": 0.08228214, "14": 0.2585479, "15": 0.1310082, "16": 0.3399227, "17": 0.17420478, "18": -0.01776419, "19": 0.27071542, "20": 0.2878858, "21": 0.07662114, "22": 0.21490565, "23": 0.21703231, "24": 0.21884045, "25": 0.51891863, "26": 0.0984539, "27": 0.30468103, "28": 0.29526663, "29": 0.21695311, "30": 0.16422306}, "10": {"1": 0.060883194, "2": 0.003546161, "3": 0.18128762, "4": 0.05093048, "5": 0.058245275, "6": 0.065011956, "7": 0.085371636, "8": 0.40799138, "9": 0.11202588, "11": 0.15715143, "12": 0.10590526, "13": -0.14181724, "14": -0.0029467589, "15": -0.057819724, "16": 0.26402852, "17": -0.074023604, "18": 0.09013671, "19": 0.119378015, "20": 0.23018129, "21": 0.11484602, "22": -0.033219613, "23": 0.12275938, "24": 0.13188037, "25": 0.44777942, "26": 0.1129314, "27": -0.021041807, "28": 0.37376592, "29": 0.017763663, "30": 0.16400175}, "9": {"1": 0.5835238, "2": 0.61333483, "3": 0.35194612, "4": 0.26486364, "5": 0.26725495, "6": 0.5912749, "7": 0.20402186, "8": 0.34829774, "10": 0.11202588, "11": 0.30120927, "12": 0.032284148, "13": 0.021390371, "14": 0.29638413, "15": 0.3321528, "16": 0.26677525, "17": 0.06502949, "18": -0.00997945, "19": 0.15737562, "20": 0.11190322, "21": 0.0079128165, "22": 0.32033518, "23": 0.34291798, "24": 0.3338296, "25": 0.2261371, "26": 0.048942517, "27": 0.17302123, "28": 0.48994592, "29": 0.1609063, "30": 0.11421168}, "11": {"1": 0.51078004, "2": 0.24443063, "3": 0.07369586, "4": 0.100364484, "5": 0.14911817, "6": 0.24193375, "7": 0.09165092, "8": 0.38239348, "10": 0.15715143, "9": 0.30120927, "12": -0.009516071, "13": 0.21264349, "14": 0.53240466, "15": 0.4152141, "16": 0.3718526, "17": 0.12701996, "18": -0.030452885, "19": 0.24424158, "20": 0.04878802, "21": 0.12769362, "22": 0.4103541, "23": 0.3380983, "24": 0.22682336, "25": 0.36354658, "26": 0.25340918, "27": 0.36098227, "28": 0.3627553, "29": 0.261942, "30": 0.07100922}, "12": {"1": 0.06746661, "2": 0.10159264, "3": 0.014723773, "4": 0.039505247, "5": -0.023672082, "6": 0.09600557, "7": -0.044622537, "8": -0.045883052, "10": 0.10590526, "9": 0.032284148, "11": -0.009516071, "13": 0.06966653, "14": 0.07100065, "15": 0.20723064, "16": 0.11935518, "17": 0.096161574, "18": 0.0027594743, "19": -0.053123478, "20": 0.07893466, "21": 0.23201963, "22": 0.08524502, "23": 0.14194436, "24": 0.07830326, "25": -0.03403845, "26": 0.06067887, "27": 0.097316965, "28": 0.00094175787, "29": 0.07759012, "30": 0.038209237}, "13": {"1": 0.16097689, "2": 0.021619715, "3": 0.049764212, "4": 0.16138962, "5": 0.07974968, "6": 0.054553904, "7": -0.064110555, "8": 0.08228214, "10": -0.14181724, "9": 0.021390371, "11": 0.21264349, "12": 0.06966653, "14": 0.15650508, "15": 0.10875704, "16": 0.06553594, "17": 0.13287434, "18": 0.05863362, "19": 0.23962332, "20": 0.008813502, "21": 0.1700198, "22": 0.562031, "23": 0.21884494, "24": 0.1653346, "25": -0.022678558, "26": 0.068376824, "27": 0.3901576, "28": 0.0071687675, "29": 0.23972316, "30": -0.012869805}, "14": {"1": 0.5458134, "2": 0.33596995, "3": 0.07302836, "4": 0.15038623, "5": 0.09011617, "6": 0.33562857, "7": 0.07543521, "8": 0.2585479, "10": -0.0029467589, "9": 0.29638413, "11": 0.53240466, "12": 0.07100065, "13": 0.15650508, "15": 0.54734755, "16": 0.24511665, "17": 0.17572306, "18": -0.14472814, "19": 0.15932855, "20": 0.011438776, "21": 0.042983774, "22": 0.27391934, "23": 0.14592192, "24": 0.08204851, "25": 0.22624673, "26": 0.33102536, "27": 0.498499, "28": 0.095034905, "29": 0.32611263, "30": -0.12325767}, "15": {"1": 0.45124763, "2": 0.2983287, "3": 0.14271769, "4": 0.09911168, "5": 0.12606126, "6": 0.28101674, "7": 0.033807185, "8": 0.1310082, "10": -0.057819724, "9": 0.3321528, "11": 0.4152141, "12": 0.20723064, "13": 0.10875704, "14": 0.54734755, "16": 0.10014815, "17": 0.1743246, "18": -0.1894364, "19": 0.10133865, "20": -0.03314327, "21": 0.047655102, "22": 0.27535877, "23": 0.08196144, "24": 0.08016099, "25": 0.08945552, "26": 0.14623533, "27": 0.29002273, "28": 0.121007055, "29": 0.16952556, "30": -0.13940537}, "16": {"1": 0.29877037, "2": 0.2277565, "3": 0.10880961, "4": 0.09659627, "5": 0.002012544, "6": 0.2187126,