{"1": {"2": 0.3788617, "3": 0.4003919, "4": 0.39602476, "5": 0.36519152, "6": 0.55841345, "7": 0.29562846, "8": 0.24461609, "10": 0.089506805, "9": 0.68214625, "11": 0.07855064, "12": 0.16869588, "13": 0.3256082, "14": 0.48749885, "15": 0.10294654, "16": 0.33660275, "17": 0.24578558, "18": 0.029702932, "19": 0.20049696, "20": 0.17694812, "21": 0.2478458, "22": 0.30031458, "23": 0.3082842, "24": 0.2265011, "25": 0.44028276}, "2": {"1": 0.3788617, "3": 0.4512682, "4": 0.43098298, "5": 0.39601877, "6": 0.4093777, "7": 0.22109796, "8": 0.20772019, "10": 0.25715268, "9": 0.41025877, "11": 0.023816764, "12": 0.23885539, "13": 0.13940471, "14": 0.24241793, "15": 0.027632887, "16": 0.16158901, "17": 0.5840734, "18": 0.2459797, "19": 0.19132413, "20": 0.31919086, "21": 0.24650602, "22": 0.22021535, "23": 0.2660751, "24": 0.20275001, "25": 0.2381256}, "3": {"1": 0.4003919, "2": 0.4512682, "4": 0.34224674, "5": 0.21411367, "6": 0.29676327, "7": 0.058155313, "8": 0.40683842, "10": 0.117410064, "9": 0.33007753, "11": 0.053853508, "12": 0.036983907, "13": 0.40166008, "14": 0.39434692, "15": 0.113167934, "16": 0.07611825, "17": 0.20857964, "18": 0.04417315, "19": 0.15703087, "20": 0.20400986, "21": 0.14050633, "22": 0.4377836, "23": 0.14952612, "24": 0.12678333, "25": 0.24871345}, "4": {"1": 0.39602476, "2": 0.43098298, "3": 0.34224674, "5": 0.34671518, "6": 0.36457232, "7": 0.19813673, "8": 0.31437698, "10": 0.29236946, "9": 0.47409892, "11": -0.048037935, "12": 0.2968668, "13": 0.26366064, "14": 0.48808095, "15": 0.023279738, "16": 0.1659573, "17": 0.14635287, "18": 0.28655615, "19": 0.17300762, "20": 0.30853373, "21": 0.32227662, "22": 0.33037835, "23": 0.41328254, "24": 0.30177304, "25": 0.31009942}, "5": {"1": 0.36519152, "2": 0.39601877, "3": 0.21411367, "4": 0.34671518, "6": 0.27205607, "7": 0.2890814, "8": 0.1370406, "10": 0.3259322, "9": 0.36066714, "11": -0.14166565, "12": 0.3185379, "13": 0.34184435, "14": 0.22090597, "15": 0.047180545, "16": 0.352663, "17": 0.35615304, "18": 0.27913842, "19": 0.20482184, "20": 0.26140645, "21": 0.3798361, "22": 0.16433191, "23": 0.521327, "24": 0.30744952, "25": 0.4053593}, "6": {"1": 0.55841345, "2": 0.4093777, "3": 0.29676327, "4": 0.36457232, "5": 0.27205607, "7": 0.24482633, "8": 0.16682737, "10": 0.21336843, "9": 0.8105172, "11": 0.0031281142, "12": 0.23623136, "13": 0.16742514, "14": 0.37182954, "15": 0.07973663, "16": 0.40444267, "17": 0.20917153, "18": 0.0813859, "19": 0.09220924, "20": 0.16503952, "21": 0.114745155, "22": 0.1416217, "23": 0.4215638, "24": 0.30172113, "25": 0.38527352}, "7": {"1": 0.29562846, "2": 0.22109796, "3": 0.058155313, "4": 0.19813673, "5": 0.2890814, "6": 0.24482633, "8": 0.0609261, "10": 0.15039697, "9": 0.26052627, "11": 0.14258283, "12": 0.19220841, "13": -0.030888062, "14": 0.07400176, "15": 0.17402713, "16": 0.1144366, "17": 0.39292768, "18": 0.056342274, "19": 0.06353162, "20": 0.20806387, "21": 0.12399516, "22": 0.029694714, "23": 0.18579157, "24": 0.093097426, "25": 0.20358627}, "8": {"1": 0.24461609, "2": 0.20772019, "3": 0.40683842, "4": 0.31437698, "5": 0.1370406, "6": 0.16682737, "7": 0.0609261, "10": 0.10533381, "9": 0.24090824, "11": 0.051043916, "12": 0.0005690103, "13": 0.21762837, "14": 0.41642866, "15": 0.060016017, "16": 0.13016963, "17": 0.075421154, "18": 0.08363432, "19": 0.123037286, "20": 0.19187771, "21": 0.12035186, "22": 0.20280051, "23": 0.15053017, "24": 0.1306324, "25": 0.24794608}, "10": {"1": 0.089506805, "2": 0.25715268, "3": 0.117410064, "4": 0.29236946, "5": 0.3259322, "6": 0.21336843, "7": 0.15039697, "8": 0.10533381, "9": 0.30150378, "11": 0.033368118, "12": 0.5001839, "13": 0.000814515, "14": 0.12708323, "15": 0.14306624, "16": 0.4863641, "17": 0.23458669, "18": 0.21418773, "19": -0.01077345, "20": 0.24755554, "21": 0.062867604, "22": 0.05489697, "23": 0.63737285, "24": 0.5953365, "25": 0.32060653}, "9": {"1": 0.68214625, "2": 0.41025877, "3": 0.33007753, "4": 0.47409892, "5": 0.36066714, "6": 0.8105172, "7": 0.26052627, "8": 0.24090824, "10": 0.30150378, "11": 0.051464856, "12": 0.25647146, "13": 0.24188177, "14": 0.4806931, "15": 0.11755801, "16": 0.48820812, "17": 0.19454029, "18": 0.12248711, "19": 0.16422512, "20": 0.15109566, "21": 0.17886318, "22": 0.14735869, "23": 0.5297179, "24": 0.37925315, "25": 0.4241071}, "11": {"1": 0.07855064, "2": 0.023816764, "3": 0.053853508, "4": -0.048037935, "5": -0.14166565, "6": 0.0031281142, "7": 0.14258283, "8": 0.051043916, "10": 0.033368118, "9": 0.051464856, "12": -0.03982029, "13": -0.053755287, "14": 0.00039407617, "15": 0.059385035, "16": 0.13103417, "17": 0.018927658, "18": -0.042425804, "19": 0.06861833, "20": -0.012460465, "21": -0.015369341, "22": 0.14340065, "23": -0.04599093, "24": 0.030908434, "25": 0.1111503}, "12": {"1": 0.16869588, "2": 0.23885539, "3": 0.036983907, "4": 0.2968668, "5": 0.3185379, "6": 0.23623136, "7": 0.19220841, "8": 0.0005690103, "10": 0.5001839, "9": 0.25647146, "11": -0.03982029, "13": 0.08416385, "14": 0.15214911, "15": 0.18211019, "16": 0.30208158, "17": 0.22468624, "18": 0.2528777, "19": 0.07490543, "20": 0.2749243, "21": 0.22599383, "22": 0.118380204, "23": 0.41286016, "24": 0.2347109, "25": 0.29963353}, "13": {"1": 0.3256082, "2": 0.13940471, "3": 0.40166008, "4": 0.26366064, "5": 0.34184435, "6": 0.16742514, "7": -0.030888062, "8": 0.21762837, "10": 0.000814515, "9": 0.24188177, "11": -0.053755287, "12": 0.08416385, "14": 0.22236323, "15": 0.057497516, "16": 0.1471487, "17": 0.045330755, "18": 0.14724708, "19": 0.24422538, "20": 0.17647915, "21": 0.3020686, "22": 0.33824128, "23": 0.1869454, "24": 0.14323188, "25": 0.27532107}, "14": {"1": 0.48749885, "2": 0.24241793, "3": 0.39434692, "4": 0.48808095, "5": 0.22090597, "6": 0.37182954, "7": 0.07400176, "8": 0.41642866, "10": 0.12708323, "9": 0.4806931, "11": 0.00039407617, "12": 0.15214911, "13": 0.22236323, "15": 0.15333754, "16": 0.17907667, "17": 0.07201232, "18": 0.06676564, "19": 0.20615803, "20": 0.15494294, "21": 0.2311502, "22": 0.25922254, "23": 0.3006965, "24": 0.19017479, "25": 0.4583972}, "15": {"1": 0.10294654, "2": 0.027632887, "3": 0.113167934, "4": 0.023279738, "5": 0.047180545, "6": 0.07973663, "7": 0.17402713, "8": 0.060016017, "10": 0.14306624, "9": 0.11755801, "11": 0.059385035, "12": 0.18211019, "13": 0.057497516, "14": 0.15333754, "16": 0.11128082, "17": 0.12170383, "18": -0.048369955, "19": 0.035495523, "20": 0.09088014, "21": -0.025476174, "22": 0.095611826, "23": 0.052216638, "24": 0.09995692, "25": 0.13880391}, "16": {"1": 0.33660275, "2": 0.16158901, "3": 0.07611825, "4": 0.1659573, "5": 0.352663, "6": 0.40444267, "7": 0.1144366, "8": 0.13016963, "10": 0.4863641, "9": 0.48820812, "11": 0.13103417, "12": 0.30208158, "13": 0.1471487, "14": 0.17907667, "15": 0.11128082, "17": 0.35745782, "18": 0.16101219, "19": 0.05090517, "20": 0.016600488, "21": 0.044221744, "22": -0.010482687, "23": 0.54881096, "24": 0.500709, "25": 0.44420946}, "17": {"1": 0.24578558, "2": 0.5840734, "3": 0.20857964, "4": 0.14635287, "5": 0.35615304, "6": 0.20917153, "7": 0.39292768, "8": 0.075421154, "10": 0.23458669, "9": 0.19454029, "11": 0.018927658, "12": 0.22468624, "13": 0.045330755, "14": 0.07201232, "15": 0.12170383, "16": 0.35745782, "18": 0.23539096, "19": 0.100875475, "20": 0.19875032, "21": 0.11174644, "22": 0.022935558, "23": 0.24791333, "24": 0.18688574, "25": 0.23291491}, "18": {"1": 0.029702932, "2": 0.2459797, "3": 0.04417315, "4": 0.28655615, "5": 0.27913842, "6": 0.0813859, "7": 0.056342274, "8": 0.08363432, "10": 0.21418773, "9": 0.12248711, "11": -0.042425804, "12": 0.2528777, "13": 0.14724708, "14": 0.06676564, "15": -0.048369955, "16": 0.16101219, "17": 0.23539096, "19": 0.12182802, "20": 0.11015879, "21": 0.1905945, "22": -0.0061105387, "23": 0.2915498, "24": 0.14555274, "25": 0.065210685}, "19": {"1": 0.20049696, "2": 0.19132413, "3": 0.15703087, "4": 0.17300762, "5": 0.20482184, "6": 0.09220924, "7": 0.06353162, "8": 0.123037286, "10": -0.01077345, "9": 0.16422512, "11": 0.06861833,